"Sysselsatta 15-74 år (AKU) efter ålder, arbetskraftstillhörighet, månad, kön och tabellinnehåll"

"ålder"	"arbetskraftstillhörighet"	"månad"	"totalt 1000-tal"	"totalt Felmarginal ±, 1000-tal"
"totalt 15-74 år"	"sysselsatta"	"2000M01"	..	..
"totalt 15-74 år"	"sysselsatta"	"2000M02"	..	..
"totalt 15-74 år"	"sysselsatta"	"2000M03"	..	..
"totalt 15-74 år"	"sysselsatta"	"2000M04"	..	..
"totalt 15-74 år"	"sysselsatta"	"2000M05"	..	..
"totalt 15-74 år"	"sysselsatta"	"2000M06"	..	..
"totalt 15-74 år"	"sysselsatta"	"2000M07"	..	..
"totalt 15-74 år"	"sysselsatta"	"2000M08"	..	..
"totalt 15-74 år"	"sysselsatta"	"2000M09"	..	..
"totalt 15-74 år"	"sysselsatta"	"2000M10"	..	..
"totalt 15-74 år"	"sysselsatta"	"2000M11"	..	..
"totalt 15-74 år"	"sysselsatta"	"2000M12"	..	..
"totalt 15-74 år"	"sysselsatta"	"2001M01"	4236.0	..
"totalt 15-74 år"	"sysselsatta"	"2001M02"	4288.5	..
"totalt 15-74 år"	"sysselsatta"	"2001M03"	4285.3	..
"totalt 15-74 år"	"sysselsatta"	"2001M04"	4309.3	..
"totalt 15-74 år"	"sysselsatta"	"2001M05"	4328.1	..
"totalt 15-74 år"	"sysselsatta"	"2001M06"	4455.8	..
"totalt 15-74 år"	"sysselsatta"	"2001M07"	4511.8	..
"totalt 15-74 år"	"sysselsatta"	"2001M08"	4413.1	..
"totalt 15-74 år"	"sysselsatta"	"2001M09"	4344.2	..
"totalt 15-74 år"	"sysselsatta"	"2001M10"	4325.5	..
"totalt 15-74 år"	"sysselsatta"	"2001M11"	4325.2	..
"totalt 15-74 år"	"sysselsatta"	"2001M12"	4338.1	..
"totalt 15-74 år"	"sysselsatta"	"2002M01"	4266.0	..
"totalt 15-74 år"	"sysselsatta"	"2002M02"	4295.9	..
"totalt 15-74 år"	"sysselsatta"	"2002M03"	4328.7	..
"totalt 15-74 år"	"sysselsatta"	"2002M04"	4292.4	..
"totalt 15-74 år"	"sysselsatta"	"2002M05"	4331.6	..
"totalt 15-74 år"	"sysselsatta"	"2002M06"	4502.9	..
"totalt 15-74 år"	"sysselsatta"	"2002M07"	4499.0	..
"totalt 15-74 år"	"sysselsatta"	"2002M08"	4424.1	..
"totalt 15-74 år"	"sysselsatta"	"2002M09"	4359.6	..
"totalt 15-74 år"	"sysselsatta"	"2002M10"	4337.5	..
"totalt 15-74 år"	"sysselsatta"	"2002M11"	4341.0	..
"totalt 15-74 år"	"sysselsatta"	"2002M12"	4338.2	..
"totalt 15-74 år"	"sysselsatta"	"2003M01"	4253.9	..
"totalt 15-74 år"	"sysselsatta"	"2003M02"	4288.8	..
"totalt 15-74 år"	"sysselsatta"	"2003M03"	4323.7	..
"totalt 15-74 år"	"sysselsatta"	"2003M04"	4311.9	..
"totalt 15-74 år"	"sysselsatta"	"2003M05"	4345.5	..
"totalt 15-74 år"	"sysselsatta"	"2003M06"	4471.5	..
"totalt 15-74 år"	"sysselsatta"	"2003M07"	4513.0	..
"totalt 15-74 år"	"sysselsatta"	"2003M08"	4386.8	..
"totalt 15-74 år"	"sysselsatta"	"2003M09"	4357.0	..
"totalt 15-74 år"	"sysselsatta"	"2003M10"	4329.4	..
"totalt 15-74 år"	"sysselsatta"	"2003M11"	4296.1	..
"totalt 15-74 år"	"sysselsatta"	"2003M12"	4312.4	..
"totalt 15-74 år"	"sysselsatta"	"2004M01"	4251.8	..
"totalt 15-74 år"	"sysselsatta"	"2004M02"	4243.0	..
"totalt 15-74 år"	"sysselsatta"	"2004M03"	4291.2	..
"totalt 15-74 år"	"sysselsatta"	"2004M04"	4315.6	..
"totalt 15-74 år"	"sysselsatta"	"2004M05"	4317.9	..
"totalt 15-74 år"	"sysselsatta"	"2004M06"	4405.9	..
"totalt 15-74 år"	"sysselsatta"	"2004M07"	4532.0	..
"totalt 15-74 år"	"sysselsatta"	"2004M08"	4391.8	..
"totalt 15-74 år"	"sysselsatta"	"2004M09"	4322.7	..
"totalt 15-74 år"	"sysselsatta"	"2004M10"	4326.4	..
"totalt 15-74 år"	"sysselsatta"	"2004M11"	4296.4	..
"totalt 15-74 år"	"sysselsatta"	"2004M12"	4301.0	..
"totalt 15-74 år"	"sysselsatta"	"2005M01"	4277.2	..
"totalt 15-74 år"	"sysselsatta"	"2005M02"	4242.3	..
"totalt 15-74 år"	"sysselsatta"	"2005M03"	4276.4	..
"totalt 15-74 år"	"sysselsatta"	"2005M04"	4286.3	40.8
"totalt 15-74 år"	"sysselsatta"	"2005M05"	4320.1	40.4
"totalt 15-74 år"	"sysselsatta"	"2005M06"	4452.3	41.7
"totalt 15-74 år"	"sysselsatta"	"2005M07"	4505.2	37.8
"totalt 15-74 år"	"sysselsatta"	"2005M08"	4433.3	40.1
"totalt 15-74 år"	"sysselsatta"	"2005M09"	4337.3	36.2
"totalt 15-74 år"	"sysselsatta"	"2005M10"	4323.7	36.6
"totalt 15-74 år"	"sysselsatta"	"2005M11"	4380.8	39.0
"totalt 15-74 år"	"sysselsatta"	"2005M12"	4350.4	38.3
"totalt 15-74 år"	"sysselsatta"	"2006M01"	4281.8	35.9
"totalt 15-74 år"	"sysselsatta"	"2006M02"	4316.8	34.6
"totalt 15-74 år"	"sysselsatta"	"2006M03"	4326.1	33.4
"totalt 15-74 år"	"sysselsatta"	"2006M04"	4340.3	34.6
"totalt 15-74 år"	"sysselsatta"	"2006M05"	4364.0	34.3
"totalt 15-74 år"	"sysselsatta"	"2006M06"	4543.8	35.3
"totalt 15-74 år"	"sysselsatta"	"2006M07"	4648.0	36.6
"totalt 15-74 år"	"sysselsatta"	"2006M08"	4525.7	35.5
"totalt 15-74 år"	"sysselsatta"	"2006M09"	4439.8	36.2
"totalt 15-74 år"	"sysselsatta"	"2006M10"	4477.2	36.3
"totalt 15-74 år"	"sysselsatta"	"2006M11"	4457.0	35.6
"totalt 15-74 år"	"sysselsatta"	"2006M12"	4427.9	36.1
"totalt 15-74 år"	"sysselsatta"	"2007M01"	4441.5	36.8
"totalt 15-74 år"	"sysselsatta"	"2007M02"	4440.7	35.5
"totalt 15-74 år"	"sysselsatta"	"2007M03"	4418.5	36.8
"totalt 15-74 år"	"sysselsatta"	"2007M04"	4484.1	33.8
"totalt 15-74 år"	"sysselsatta"	"2007M05"	4535.4	35.7
"totalt 15-74 år"	"sysselsatta"	"2007M06"	4596.4	36.0
"totalt 15-74 år"	"sysselsatta"	"2007M07"	4760.6	35.8
"totalt 15-74 år"	"sysselsatta"	"2007M08"	4662.4	36.2
"totalt 15-74 år"	"sysselsatta"	"2007M09"	4521.8	35.7
"totalt 15-74 år"	"sysselsatta"	"2007M10"	4557.9	35.1
"totalt 15-74 år"	"sysselsatta"	"2007M11"	4575.3	35.6
"totalt 15-74 år"	"sysselsatta"	"2007M12"	4519.8	34.9
"totalt 15-74 år"	"sysselsatta"	"2008M01"	4494.4	35.7
"totalt 15-74 år"	"sysselsatta"	"2008M02"	4535.3	34.6
"totalt 15-74 år"	"sysselsatta"	"2008M03"	4528.6	35.4
"totalt 15-74 år"	"sysselsatta"	"2008M04"	4576.1	35.2
"totalt 15-74 år"	"sysselsatta"	"2008M05"	4594.1	34.3
"totalt 15-74 år"	"sysselsatta"	"2008M06"	4685.9	36.6
"totalt 15-74 år"	"sysselsatta"	"2008M07"	4797.9	35.5
"totalt 15-74 år"	"sysselsatta"	"2008M08"	4684.6	36.6
"totalt 15-74 år"	"sysselsatta"	"2008M09"	4566.2	35.2
"totalt 15-74 år"	"sysselsatta"	"2008M10"	4592.8	37.6
"totalt 15-74 år"	"sysselsatta"	"2008M11"	4559.2	36.2
"totalt 15-74 år"	"sysselsatta"	"2008M12"	4518.6	34.4
"totalt 15-74 år"	"sysselsatta"	"2009M01"	4478.4	35.1
"totalt 15-74 år"	"sysselsatta"	"2009M02"	4459.5	33.8
"totalt 15-74 år"	"sysselsatta"	"2009M03"	4458.8	35.3
"totalt 15-74 år"	"sysselsatta"	"2009M04"	4460.2	35.4
"totalt 15-74 år"	"sysselsatta"	"2009M05"	4486.7	34.9
"totalt 15-74 år"	"sysselsatta"	"2009M06"	4606.7	36.6
"totalt 15-74 år"	"sysselsatta"	"2009M07"	4646.1	38.1
"totalt 15-74 år"	"sysselsatta"	"2009M08"	4537.4	36.6
"totalt 15-74 år"	"sysselsatta"	"2009M09"	4477.6	36.9
"totalt 15-74 år"	"sysselsatta"	"2009M10"	4457.6	37.9
"totalt 15-74 år"	"sysselsatta"	"2009M11"	4469.1	36.9
"totalt 15-74 år"	"sysselsatta"	"2009M12"	4451.6	37.3
"totalt 15-74 år"	"sysselsatta"	"2010M01"	4382.2	33.0
"totalt 15-74 år"	"sysselsatta"	"2010M02"	4415.8	33.0
"totalt 15-74 år"	"sysselsatta"	"2010M03"	4434.5	33.5
"totalt 15-74 år"	"sysselsatta"	"2010M04"	4457.8	32.2
"totalt 15-74 år"	"sysselsatta"	"2010M05"	4475.7	32.8
"totalt 15-74 år"	"sysselsatta"	"2010M06"	4640.1	35.0
"totalt 15-74 år"	"sysselsatta"	"2010M07"	4723.3	34.6
"totalt 15-74 år"	"sysselsatta"	"2010M08"	4586.3	34.3
"totalt 15-74 år"	"sysselsatta"	"2010M09"	4543.7	35.2
"totalt 15-74 år"	"sysselsatta"	"2010M10"	4540.7	33.5
"totalt 15-74 år"	"sysselsatta"	"2010M11"	4538.3	34.5
"totalt 15-74 år"	"sysselsatta"	"2010M12"	4532.3	33.6
"totalt 15-74 år"	"sysselsatta"	"2011M01"	4522.6	32.0
"totalt 15-74 år"	"sysselsatta"	"2011M02"	4540.0	33.2
"totalt 15-74 år"	"sysselsatta"	"2011M03"	4536.6	32.8
"totalt 15-74 år"	"sysselsatta"	"2011M04"	4588.0	33.0
"totalt 15-74 år"	"sysselsatta"	"2011M05"	4596.0	33.3
"totalt 15-74 år"	"sysselsatta"	"2011M06"	4730.9	34.8
"totalt 15-74 år"	"sysselsatta"	"2011M07"	4805.1	33.7
"totalt 15-74 år"	"sysselsatta"	"2011M08"	4712.6	33.8
"totalt 15-74 år"	"sysselsatta"	"2011M09"	4625.8	34.0
"totalt 15-74 år"	"sysselsatta"	"2011M10"	4627.6	34.0
"totalt 15-74 år"	"sysselsatta"	"2011M11"	4619.4	33.7
"totalt 15-74 år"	"sysselsatta"	"2011M12"	4606.9	31.9
"totalt 15-74 år"	"sysselsatta"	"2012M01"	4519.4	33.1
"totalt 15-74 år"	"sysselsatta"	"2012M02"	4558.5	32.6
"totalt 15-74 år"	"sysselsatta"	"2012M03"	4620.9	32.6
"totalt 15-74 år"	"sysselsatta"	"2012M04"	4603.2	34.2
"totalt 15-74 år"	"sysselsatta"	"2012M05"	4615.8	33.0
"totalt 15-74 år"	"sysselsatta"	"2012M06"	4787.7	34.1
"totalt 15-74 år"	"sysselsatta"	"2012M07"	4839.2	34.9
"totalt 15-74 år"	"sysselsatta"	"2012M08"	4717.8	33.8
"totalt 15-74 år"	"sysselsatta"	"2012M09"	4666.4	34.0
"totalt 15-74 år"	"sysselsatta"	"2012M10"	4656.3	34.5
"totalt 15-74 år"	"sysselsatta"	"2012M11"	4629.7	34.1
"totalt 15-74 år"	"sysselsatta"	"2012M12"	4647.1	32.4
"totalt 15-74 år"	"sysselsatta"	"2013M01"	4577.7	32.3
"totalt 15-74 år"	"sysselsatta"	"2013M02"	4596.6	33.0
"totalt 15-74 år"	"sysselsatta"	"2013M03"	4642.8	33.0
"totalt 15-74 år"	"sysselsatta"	"2013M04"	4641.7	33.6
"totalt 15-74 år"	"sysselsatta"	"2013M05"	4667.1	33.5
"totalt 15-74 år"	"sysselsatta"	"2013M06"	4815.3	34.7
"totalt 15-74 år"	"sysselsatta"	"2013M07"	4904.7	34.4
"totalt 15-74 år"	"sysselsatta"	"2013M08"	4766.2	34.1
"totalt 15-74 år"	"sysselsatta"	"2013M09"	4707.6	34.6
"totalt 15-74 år"	"sysselsatta"	"2013M10"	4745.9	34.8
"totalt 15-74 år"	"sysselsatta"	"2013M11"	4704.3	34.6
"totalt 15-74 år"	"sysselsatta"	"2013M12"	4679.9	33.6
"totalt 15-74 år"	"sysselsatta"	"2014M01"	4619.0	33.5
"totalt 15-74 år"	"sysselsatta"	"2014M02"	4647.8	34.1
"totalt 15-74 år"	"sysselsatta"	"2014M03"	4701.0	34.1
"totalt 15-74 år"	"sysselsatta"	"2014M04"	4697.9	34.7
"totalt 15-74 år"	"sysselsatta"	"2014M05"	4745.5	35.2
"totalt 15-74 år"	"sysselsatta"	"2014M06"	4869.5	35.6
"totalt 15-74 år"	"sysselsatta"	"2014M07"	4982.0	36.3
"totalt 15-74 år"	"sysselsatta"	"2014M08"	4862.7	36.1
"totalt 15-74 år"	"sysselsatta"	"2014M09"	4808.7	35.9
"totalt 15-74 år"	"sysselsatta"	"2014M10"	4771.9	36.2
"totalt 15-74 år"	"sysselsatta"	"2014M11"	4785.5	36.9
"totalt 15-74 år"	"sysselsatta"	"2014M12"	4763.1	35.0
"totalt 15-74 år"	"sysselsatta"	"2015M01"	4716.5	35.9
"totalt 15-74 år"	"sysselsatta"	"2015M02"	4729.6	35.8
"totalt 15-74 år"	"sysselsatta"	"2015M03"	4766.8	36.6
"totalt 15-74 år"	"sysselsatta"	"2015M04"	4761.7	36.7
"totalt 15-74 år"	"sysselsatta"	"2015M05"	4829.0	36.8
"totalt 15-74 år"	"sysselsatta"	"2015M06"	4902.6	37.2
"totalt 15-74 år"	"sysselsatta"	"2015M07"	5002.7	36.8
"totalt 15-74 år"	"sysselsatta"	"2015M08"	4961.7	38.2
"totalt 15-74 år"	"sysselsatta"	"2015M09"	4831.8	37.2
"totalt 15-74 år"	"sysselsatta"	"2015M10"	4853.2	36.4
"totalt 15-74 år"	"sysselsatta"	"2015M11"	4872.8	38.2
"totalt 15-74 år"	"sysselsatta"	"2015M12"	4821.0	36.6
"totalt 15-74 år"	"sysselsatta"	"2016M01"	4790.5	36.2
"totalt 15-74 år"	"sysselsatta"	"2016M02"	4805.7	37.6
"totalt 15-74 år"	"sysselsatta"	"2016M03"	4832.5	37.4
"totalt 15-74 år"	"sysselsatta"	"2016M04"	4872.7	37.0
"totalt 15-74 år"	"sysselsatta"	"2016M05"	4891.7	38.5
"totalt 15-74 år"	"sysselsatta"	"2016M06"	5018.1	38.3
"totalt 15-74 år"	"sysselsatta"	"2016M07"	5058.9	37.7
"totalt 15-74 år"	"sysselsatta"	"2016M08"	4960.8	39.2
"totalt 15-74 år"	"sysselsatta"	"2016M09"	4915.6	37.7
"totalt 15-74 år"	"sysselsatta"	"2016M10"	4929.9	39.0
"totalt 15-74 år"	"sysselsatta"	"2016M11"	4946.7	39.6
"totalt 15-74 år"	"sysselsatta"	"2016M12"	4892.8	36.9
"totalt 15-74 år"	"sysselsatta"	"2017M01"	4880.4	37.8
"totalt 15-74 år"	"sysselsatta"	"2017M02"	4920.1	38.9
"totalt 15-74 år"	"sysselsatta"	"2017M03"	4963.0	37.6
"totalt 15-74 år"	"sysselsatta"	"2017M04"	4965.5	38.2
"totalt 15-74 år"	"sysselsatta"	"2017M05"	4983.4	38.9
"totalt 15-74 år"	"sysselsatta"	"2017M06"	5128.9	38.9
"totalt 15-74 år"	"sysselsatta"	"2017M07"	5163.7	38.8
"totalt 15-74 år"	"sysselsatta"	"2017M08"	5109.1	39.9
"totalt 15-74 år"	"sysselsatta"	"2017M09"	5051.8	39.9
"totalt 15-74 år"	"sysselsatta"	"2017M10"	5041.1	39.5
"totalt 15-74 år"	"sysselsatta"	"2017M11"	5035.2	40.6
"totalt 15-74 år"	"sysselsatta"	"2017M12"	5004.5	39.3
"totalt 15-74 år"	"sysselsatta"	"2018M01"	4968.8	38.9
"totalt 15-74 år"	"sysselsatta"	"2018M02"	5038.8	38.8
"totalt 15-74 år"	"sysselsatta"	"2018M03"	5038.3	39.9
"totalt 15-74 år"	"sysselsatta"	"2018M04"	5043.3	39.0
"totalt 15-74 år"	"sysselsatta"	"2018M05"	5101.2	39.3
"totalt 15-74 år"	"sysselsatta"	"2018M06"	5196.5	40.3
"totalt 15-74 år"	"sysselsatta"	"2018M07"	5271.0	57.1
"totalt 15-74 år"	"sysselsatta"	"2018M08"	5143.2	56.2
"totalt 15-74 år"	"sysselsatta"	"2018M09"	5088.8	58.4
"totalt 15-74 år"	"sysselsatta"	"2018M10"	5095.4	56.7
"totalt 15-74 år"	"sysselsatta"	"2018M11"	5095.9	55.5
"totalt 15-74 år"	"sysselsatta"	"2018M12"	5083.2	54.7
"totalt 15-74 år"	"sysselsatta"	"2019M01"	5020.2	54.6
"totalt 15-74 år"	"sysselsatta"	"2019M02"	5030.1	54.9
"totalt 15-74 år"	"sysselsatta"	"2019M03"	5096.2	56.3
"totalt 15-74 år"	"sysselsatta"	"2019M04"	5104.6	56.2
"totalt 15-74 år"	"sysselsatta"	"2019M05"	5057.1	56.2
"totalt 15-74 år"	"sysselsatta"	"2019M06"	5249.0	57.8
"totalt 15-74 år"	"sysselsatta"	"2019M07"	5269.3	58.8
"totalt 15-74 år"	"sysselsatta"	"2019M08"	5166.4	60.5
"totalt 15-74 år"	"sysselsatta"	"2019M09"	5168.1	60.6
"totalt 15-74 år"	"sysselsatta"	"2019M10"	5138.3	60.0
"totalt 15-74 år"	"sysselsatta"	"2019M11"	5139.7	60.3
"totalt 15-74 år"	"sysselsatta"	"2019M12"	5115.3	59.4
"totalt 15-74 år"	"sysselsatta"	"2020M01"	5034.2	57.9
"totalt 15-74 år"	"sysselsatta"	"2020M02"	5076.8	56.1
"totalt 15-74 år"	"sysselsatta i arbete"	"2000M01"	..	..
"totalt 15-74 år"	"sysselsatta i arbete"	"2000M02"	..	..
"totalt 15-74 år"	"sysselsatta i arbete"	"2000M03"	..	..
"totalt 15-74 år"	"sysselsatta i arbete"	"2000M04"	..	..
"totalt 15-74 år"	"sysselsatta i arbete"	"2000M05"	..	..
"totalt 15-74 år"	"sysselsatta i arbete"	"2000M06"	..	..
"totalt 15-74 år"	"sysselsatta i arbete"	"2000M07"	..	..
"totalt 15-74 år"	"sysselsatta i arbete"	"2000M08"	..	..
"totalt 15-74 år"	"sysselsatta i arbete"	"2000M09"	..	..
"totalt 15-74 år"	"sysselsatta i arbete"	"2000M10"	..	..
"totalt 15-74 år"	"sysselsatta i arbete"	"2000M11"	..	..
"totalt 15-74 år"	"sysselsatta i arbete"	"2000M12"	..	..
"totalt 15-74 år"	"sysselsatta i arbete"	"2001M01"	3639.9	..
"totalt 15-74 år"	"sysselsatta i arbete"	"2001M02"	3817.3	..
"totalt 15-74 år"	"sysselsatta i arbete"	"2001M03"	3809.5	..
"totalt 15-74 år"	"sysselsatta i arbete"	"2001M04"	3789.5	..
"totalt 15-74 år"	"sysselsatta i arbete"	"2001M05"	3909.7	..
"totalt 15-74 år"	"sysselsatta i arbete"	"2001M06"	3784.9	..
"totalt 15-74 år"	"sysselsatta i arbete"	"2001M07"	2272.7	..
"totalt 15-74 år"	"sysselsatta i arbete"	"2001M08"	3169.0	..
"totalt 15-74 år"	"sysselsatta i arbete"	"2001M09"	3875.4	..
"totalt 15-74 år"	"sysselsatta i arbete"	"2001M10"	3896.1	..
"totalt 15-74 år"	"sysselsatta i arbete"	"2001M11"	3905.1	..
"totalt 15-74 år"	"sysselsatta i arbete"	"2001M12"	3536.0	..
"totalt 15-74 år"	"sysselsatta i arbete"	"2002M01"	3558.0	..
"totalt 15-74 år"	"sysselsatta i arbete"	"2002M02"	3813.9	..
"totalt 15-74 år"	"sysselsatta i arbete"	"2002M03"	3828.6	..
"totalt 15-74 år"	"sysselsatta i arbete"	"2002M04"	3837.0	..
"totalt 15-74 år"	"sysselsatta i arbete"	"2002M05"	3857.9	..
"totalt 15-74 år"	"sysselsatta i arbete"	"2002M06"	3815.8	..
"totalt 15-74 år"	"sysselsatta i arbete"	"2002M07"	2235.3	..
"totalt 15-74 år"	"sysselsatta i arbete"	"2002M08"	3131.1	..
"totalt 15-74 år"	"sysselsatta i arbete"	"2002M09"	3868.2	..
"totalt 15-74 år"	"sysselsatta i arbete"	"2002M10"	3882.0	..
"totalt 15-74 år"	"sysselsatta i arbete"	"2002M11"	3880.7	..
"totalt 15-74 år"	"sysselsatta i arbete"	"2002M12"	3543.0	..
"totalt 15-74 år"	"sysselsatta i arbete"	"2003M01"	3444.0	..
"totalt 15-74 år"	"sysselsatta i arbete"	"2003M02"	3822.3	..
"totalt 15-74 år"	"sysselsatta i arbete"	"2003M03"	3854.1	..
"totalt 15-74 år"	"sysselsatta i arbete"	"2003M04"	3783.1	..
"totalt 15-74 år"	"sysselsatta i arbete"	"2003M05"	3873.6	..
"totalt 15-74 år"	"sysselsatta i arbete"	"2003M06"	3787.5	..
"totalt 15-74 år"	"sysselsatta i arbete"	"2003M07"	2261.5	..
"totalt 15-74 år"	"sysselsatta i arbete"	"2003M08"	2981.9	..
"totalt 15-74 år"	"sysselsatta i arbete"	"2003M09"	3891.8	..
"totalt 15-74 år"	"sysselsatta i arbete"	"2003M10"	3906.8	..
"totalt 15-74 år"	"sysselsatta i arbete"	"2003M11"	3875.0	..
"totalt 15-74 år"	"sysselsatta i arbete"	"2003M12"	3636.3	..
"totalt 15-74 år"	"sysselsatta i arbete"	"2004M01"	3366.7	..
"totalt 15-74 år"	"sysselsatta i arbete"	"2004M02"	3795.0	..
"totalt 15-74 år"	"sysselsatta i arbete"	"2004M03"	3844.5	..
"totalt 15-74 år"	"sysselsatta i arbete"	"2004M04"	3796.0	..
"totalt 15-74 år"	"sysselsatta i arbete"	"2004M05"	3918.8	..
"totalt 15-74 år"	"sysselsatta i arbete"	"2004M06"	3797.0	..
"totalt 15-74 år"	"sysselsatta i arbete"	"2004M07"	2421.7	..
"totalt 15-74 år"	"sysselsatta i arbete"	"2004M08"	2803.7	..
"totalt 15-74 år"	"sysselsatta i arbete"	"2004M09"	3848.7	..
"totalt 15-74 år"	"sysselsatta i arbete"	"2004M10"	3896.1	..
"totalt 15-74 år"	"sysselsatta i arbete"	"2004M11"	3883.9	..
"totalt 15-74 år"	"sysselsatta i arbete"	"2004M12"	3639.4	..
"totalt 15-74 år"	"sysselsatta i arbete"	"2005M01"	3688.2	..
"totalt 15-74 år"	"sysselsatta i arbete"	"2005M02"	3789.4	..
"totalt 15-74 år"	"sysselsatta i arbete"	"2005M03"	3750.4	..
"totalt 15-74 år"	"sysselsatta i arbete"	"2005M04"	3914.4	45.4
"totalt 15-74 år"	"sysselsatta i arbete"	"2005M05"	3923.4	45.4
"totalt 15-74 år"	"sysselsatta i arbete"	"2005M06"	3781.7	49.2
"totalt 15-74 år"	"sysselsatta i arbete"	"2005M07"	2266.9	48.9
"totalt 15-74 år"	"sysselsatta i arbete"	"2005M08"	3127.4	50.4
"totalt 15-74 år"	"sysselsatta i arbete"	"2005M09"	3893.1	40.9
"totalt 15-74 år"	"sysselsatta i arbete"	"2005M10"	3941.2	40.9
"totalt 15-74 år"	"sysselsatta i arbete"	"2005M11"	3974.0	42.7
"totalt 15-74 år"	"sysselsatta i arbete"	"2005M12"	3679.8	42.7
"totalt 15-74 år"	"sysselsatta i arbete"	"2006M01"	3731.6	40.7
"totalt 15-74 år"	"sysselsatta i arbete"	"2006M02"	3880.5	38.9
"totalt 15-74 år"	"sysselsatta i arbete"	"2006M03"	3868.6	37.7
"totalt 15-74 år"	"sysselsatta i arbete"	"2006M04"	3864.2	39.5
"totalt 15-74 år"	"sysselsatta i arbete"	"2006M05"	3968.6	38.4
"totalt 15-74 år"	"sysselsatta i arbete"	"2006M06"	3889.3	41.5
"totalt 15-74 år"	"sysselsatta i arbete"	"2006M07"	2395.8	47.3
"totalt 15-74 år"	"sysselsatta i arbete"	"2006M08"	3189.7	45.7
"totalt 15-74 år"	"sysselsatta i arbete"	"2006M09"	4010.8	39.5
"totalt 15-74 år"	"sysselsatta i arbete"	"2006M10"	4077.8	39.0
"totalt 15-74 år"	"sysselsatta i arbete"	"2006M11"	4052.0	39.6
"totalt 15-74 år"	"sysselsatta i arbete"	"2006M12"	3734.5	42.4
"totalt 15-74 år"	"sysselsatta i arbete"	"2007M01"	3875.1	42.2
"totalt 15-74 år"	"sysselsatta i arbete"	"2007M02"	3991.3	39.6
"totalt 15-74 år"	"sysselsatta i arbete"	"2007M03"	3968.3	38.4
"totalt 15-74 år"	"sysselsatta i arbete"	"2007M04"	4021.5	38.6
"totalt 15-74 år"	"sysselsatta i arbete"	"2007M05"	4140.3	39.9
"totalt 15-74 år"	"sysselsatta i arbete"	"2007M06"	4000.2	42.1
"totalt 15-74 år"	"sysselsatta i arbete"	"2007M07"	2513.7	46.8
"totalt 15-74 år"	"sysselsatta i arbete"	"2007M08"	3221.2	47.2
"totalt 15-74 år"	"sysselsatta i arbete"	"2007M09"	4114.7	39.0
"totalt 15-74 år"	"sysselsatta i arbete"	"2007M10"	4207.6	38.9
"totalt 15-74 år"	"sysselsatta i arbete"	"2007M11"	4181.4	39.6
"totalt 15-74 år"	"sysselsatta i arbete"	"2007M12"	3762.2	41.2
"totalt 15-74 år"	"sysselsatta i arbete"	"2008M01"	3822.2	42.0
"totalt 15-74 år"	"sysselsatta i arbete"	"2008M02"	4116.7	39.0
"totalt 15-74 år"	"sysselsatta i arbete"	"2008M03"	4022.1	39.7
"totalt 15-74 år"	"sysselsatta i arbete"	"2008M04"	4222.0	38.7
"totalt 15-74 år"	"sysselsatta i arbete"	"2008M05"	4197.3	38.8
"totalt 15-74 år"	"sysselsatta i arbete"	"2008M06"	4097.0	42.2
"totalt 15-74 år"	"sysselsatta i arbete"	"2008M07"	2568.0	47.4
"totalt 15-74 år"	"sysselsatta i arbete"	"2008M08"	3120.2	47.2
"totalt 15-74 år"	"sysselsatta i arbete"	"2008M09"	4134.6	39.5
"totalt 15-74 år"	"sysselsatta i arbete"	"2008M10"	4244.0	41.3
"totalt 15-74 år"	"sysselsatta i arbete"	"2008M11"	4176.2	40.2
"totalt 15-74 år"	"sysselsatta i arbete"	"2008M12"	3820.8	41.4
"totalt 15-74 år"	"sysselsatta i arbete"	"2009M01"	3693.7	42.7
"totalt 15-74 år"	"sysselsatta i arbete"	"2009M02"	4008.3	38.9
"totalt 15-74 år"	"sysselsatta i arbete"	"2009M03"	4062.6	39.1
"totalt 15-74 år"	"sysselsatta i arbete"	"2009M04"	4030.0	40.0
"totalt 15-74 år"	"sysselsatta i arbete"	"2009M05"	4119.7	38.8
"totalt 15-74 år"	"sysselsatta i arbete"	"2009M06"	3816.5	44.2
"totalt 15-74 år"	"sysselsatta i arbete"	"2009M07"	2237.1	48.4
"totalt 15-74 år"	"sysselsatta i arbete"	"2009M08"	3520.5	45.7
"totalt 15-74 år"	"sysselsatta i arbete"	"2009M09"	4064.3	41.0
"totalt 15-74 år"	"sysselsatta i arbete"	"2009M10"	4063.8	41.5
"totalt 15-74 år"	"sysselsatta i arbete"	"2009M11"	4127.2	40.4
"totalt 15-74 år"	"sysselsatta i arbete"	"2009M12"	3599.5	44.6
"totalt 15-74 år"	"sysselsatta i arbete"	"2010M01"	3876.0	37.0
"totalt 15-74 år"	"sysselsatta i arbete"	"2010M02"	3999.5	36.6
"totalt 15-74 år"	"sysselsatta i arbete"	"2010M03"	3968.2	37.4
"totalt 15-74 år"	"sysselsatta i arbete"	"2010M04"	4049.1	36.1
"totalt 15-74 år"	"sysselsatta i arbete"	"2010M05"	4111.8	36.3
"totalt 15-74 år"	"sysselsatta i arbete"	"2010M06"	3951.8	41.1
"totalt 15-74 år"	"sysselsatta i arbete"	"2010M07"	2403.0	44.8
"totalt 15-74 år"	"sysselsatta i arbete"	"2010M08"	3346.8	43.5
"totalt 15-74 år"	"sysselsatta i arbete"	"2010M09"	4157.4	38.5
"totalt 15-74 år"	"sysselsatta i arbete"	"2010M10"	4195.1	36.6
"totalt 15-74 år"	"sysselsatta i arbete"	"2010M11"	4152.4	37.8
"totalt 15-74 år"	"sysselsatta i arbete"	"2010M12"	3847.3	39.4
"totalt 15-74 år"	"sysselsatta i arbete"	"2011M01"	3966.3	37.4
"totalt 15-74 år"	"sysselsatta i arbete"	"2011M02"	4114.0	37.0
"totalt 15-74 år"	"sysselsatta i arbete"	"2011M03"	4120.6	37.3
"totalt 15-74 år"	"sysselsatta i arbete"	"2011M04"	4143.8	37.5
"totalt 15-74 år"	"sysselsatta i arbete"	"2011M05"	4263.6	36.4
"totalt 15-74 år"	"sysselsatta i arbete"	"2011M06"	4060.1	41.5
"totalt 15-74 år"	"sysselsatta i arbete"	"2011M07"	2453.1	44.9
"totalt 15-74 år"	"sysselsatta i arbete"	"2011M08"	3429.5	44.2
"totalt 15-74 år"	"sysselsatta i arbete"	"2011M09"	4233.3	38.1
"totalt 15-74 år"	"sysselsatta i arbete"	"2011M10"	4268.6	37.6
"totalt 15-74 år"	"sysselsatta i arbete"	"2011M11"	4242.2	37.3
"totalt 15-74 år"	"sysselsatta i arbete"	"2011M12"	3942.5	38.4
"totalt 15-74 år"	"sysselsatta i arbete"	"2012M01"	3958.7	38.3
"totalt 15-74 år"	"sysselsatta i arbete"	"2012M02"	4129.5	36.8
"totalt 15-74 år"	"sysselsatta i arbete"	"2012M03"	4181.6	37.5
"totalt 15-74 år"	"sysselsatta i arbete"	"2012M04"	4139.5	38.8
"totalt 15-74 år"	"sysselsatta i arbete"	"2012M05"	4248.9	36.4
"totalt 15-74 år"	"sysselsatta i arbete"	"2012M06"	4154.3	40.5
"totalt 15-74 år"	"sysselsatta i arbete"	"2012M07"	2529.8	45.9
"totalt 15-74 år"	"sysselsatta i arbete"	"2012M08"	3352.8	44.8
"totalt 15-74 år"	"sysselsatta i arbete"	"2012M09"	4238.2	38.5
"totalt 15-74 år"	"sysselsatta i arbete"	"2012M10"	4268.5	38.1
"totalt 15-74 år"	"sysselsatta i arbete"	"2012M11"	4238.9	37.9
"totalt 15-74 år"	"sysselsatta i arbete"	"2012M12"	3842.7	40.3
"totalt 15-74 år"	"sysselsatta i arbete"	"2013M01"	3830.2	39.9
"totalt 15-74 år"	"sysselsatta i arbete"	"2013M02"	4130.8	38.0
"totalt 15-74 år"	"sysselsatta i arbete"	"2013M03"	4176.1	38.1
"totalt 15-74 år"	"sysselsatta i arbete"	"2013M04"	4188.2	38.3
"totalt 15-74 år"	"sysselsatta i arbete"	"2013M05"	4284.5	37.4
"totalt 15-74 år"	"sysselsatta i arbete"	"2013M06"	4172.9	41.0
"totalt 15-74 år"	"sysselsatta i arbete"	"2013M07"	2605.5	47.2
"totalt 15-74 år"	"sysselsatta i arbete"	"2013M08"	3308.6	45.9
"totalt 15-74 år"	"sysselsatta i arbete"	"2013M09"	4282.0	39.3
"totalt 15-74 år"	"sysselsatta i arbete"	"2013M10"	4348.5	38.8
"totalt 15-74 år"	"sysselsatta i arbete"	"2013M11"	4284.9	38.8
"totalt 15-74 år"	"sysselsatta i arbete"	"2013M12"	3899.3	41.7
"totalt 15-74 år"	"sysselsatta i arbete"	"2014M01"	3744.1	41.9
"totalt 15-74 år"	"sysselsatta i arbete"	"2014M02"	4190.7	38.8
"totalt 15-74 år"	"sysselsatta i arbete"	"2014M03"	4271.1	39.2
"totalt 15-74 år"	"sysselsatta i arbete"	"2014M04"	4243.3	39.7
"totalt 15-74 år"	"sysselsatta i arbete"	"2014M05"	4370.8	40.0
"totalt 15-74 år"	"sysselsatta i arbete"	"2014M06"	4245.4	42.8
"totalt 15-74 år"	"sysselsatta i arbete"	"2014M07"	2725.1	49.0
"totalt 15-74 år"	"sysselsatta i arbete"	"2014M08"	3376.6	48.1
"totalt 15-74 år"	"sysselsatta i arbete"	"2014M09"	4376.6	40.7
"totalt 15-74 år"	"sysselsatta i arbete"	"2014M10"	4401.9	40.1
"totalt 15-74 år"	"sysselsatta i arbete"	"2014M11"	4395.6	41.6
"totalt 15-74 år"	"sysselsatta i arbete"	"2014M12"	4038.3	42.6
"totalt 15-74 år"	"sysselsatta i arbete"	"2015M01"	3787.0	44.9
"totalt 15-74 år"	"sysselsatta i arbete"	"2015M02"	4281.1	41.3
"totalt 15-74 år"	"sysselsatta i arbete"	"2015M03"	4314.5	41.7
"totalt 15-74 år"	"sysselsatta i arbete"	"2015M04"	4274.5	42.5
"totalt 15-74 år"	"sysselsatta i arbete"	"2015M05"	4457.1	41.2
"totalt 15-74 år"	"sysselsatta i arbete"	"2015M06"	4278.9	44.1
"totalt 15-74 år"	"sysselsatta i arbete"	"2015M07"	2701.3	50.2
"totalt 15-74 år"	"sysselsatta i arbete"	"2015M08"	3342.2	51.0
"totalt 15-74 år"	"sysselsatta i arbete"	"2015M09"	4377.8	42.1
"totalt 15-74 år"	"sysselsatta i arbete"	"2015M10"	4386.1	41.4
"totalt 15-74 år"	"sysselsatta i arbete"	"2015M11"	4481.6	42.3
"totalt 15-74 år"	"sysselsatta i arbete"	"2015M12"	3880.2	46.1
"totalt 15-74 år"	"sysselsatta i arbete"	"2016M01"	4185.6	43.3
"totalt 15-74 år"	"sysselsatta i arbete"	"2016M02"	4321.3	43.2
"totalt 15-74 år"	"sysselsatta i arbete"	"2016M03"	4301.0	43.3
"totalt 15-74 år"	"sysselsatta i arbete"	"2016M04"	4480.4	41.9
"totalt 15-74 år"	"sysselsatta i arbete"	"2016M05"	4506.7	42.7
"totalt 15-74 år"	"sysselsatta i arbete"	"2016M06"	4305.4	46.4
"totalt 15-74 år"	"sysselsatta i arbete"	"2016M07"	2632.2	51.7
"totalt 15-74 år"	"sysselsatta i arbete"	"2016M08"	3533.3	51.5
"totalt 15-74 år"	"sysselsatta i arbete"	"2016M09"	4475.2	42.7
"totalt 15-74 år"	"sysselsatta i arbete"	"2016M10"	4505.9	43.7
"totalt 15-74 år"	"sysselsatta i arbete"	"2016M11"	4496.7	44.3
"totalt 15-74 år"	"sysselsatta i arbete"	"2016M12"	4124.3	44.9
"totalt 15-74 år"	"sysselsatta i arbete"	"2017M01"	4214.1	44.7
"totalt 15-74 år"	"sysselsatta i arbete"	"2017M02"	4423.8	43.9
"totalt 15-74 år"	"sysselsatta i arbete"	"2017M03"	4483.4	43.3
"totalt 15-74 år"	"sysselsatta i arbete"	"2017M04"	4429.7	44.1
"totalt 15-74 år"	"sysselsatta i arbete"	"2017M05"	4552.1	42.9
"totalt 15-74 år"	"sysselsatta i arbete"	"2017M06"	4461.7	46.2
"totalt 15-74 år"	"sysselsatta i arbete"	"2017M07"	2711.8	52.5
"totalt 15-74 år"	"sysselsatta i arbete"	"2017M08"	3634.6	52.2
"totalt 15-74 år"	"sysselsatta i arbete"	"2017M09"	4592.5	45.1
"totalt 15-74 år"	"sysselsatta i arbete"	"2017M10"	4627.7	44.0
"totalt 15-74 år"	"sysselsatta i arbete"	"2017M11"	4597.1	45.4
"totalt 15-74 år"	"sysselsatta i arbete"	"2017M12"	4210.0	47.8
"totalt 15-74 år"	"sysselsatta i arbete"	"2018M01"	4248.5	46.7
"totalt 15-74 år"	"sysselsatta i arbete"	"2018M02"	4536.5	44.6
"totalt 15-74 år"	"sysselsatta i arbete"	"2018M03"	4519.1	45.8
"totalt 15-74 år"	"sysselsatta i arbete"	"2018M04"	4605.0	44.5
"totalt 15-74 år"	"sysselsatta i arbete"	"2018M05"	4707.1	44.1
"totalt 15-74 år"	"sysselsatta i arbete"	"2018M06"	4496.1	48.7
"totalt 15-74 år"	"sysselsatta i arbete"	"2018M07"	2793.7	78.9
"totalt 15-74 år"	"sysselsatta i arbete"	"2018M08"	3646.5	76.4
"totalt 15-74 år"	"sysselsatta i arbete"	"2018M09"	4656.6	64.8
"totalt 15-74 år"	"sysselsatta i arbete"	"2018M10"	4693.8	64.4
"totalt 15-74 år"	"sysselsatta i arbete"	"2018M11"	4645.1	64.0
"totalt 15-74 år"	"sysselsatta i arbete"	"2018M12"	4190.9	68.8
"totalt 15-74 år"	"sysselsatta i arbete"	"2019M01"	4166.4	69.4
"totalt 15-74 år"	"sysselsatta i arbete"	"2019M02"	4512.4	64.1
"totalt 15-74 år"	"sysselsatta i arbete"	"2019M03"	4626.0	63.9
"totalt 15-74 år"	"sysselsatta i arbete"	"2019M04"	4612.6	65.0
"totalt 15-74 år"	"sysselsatta i arbete"	"2019M05"	4683.6	62.7
"totalt 15-74 år"	"sysselsatta i arbete"	"2019M06"	4546.3	69.8
"totalt 15-74 år"	"sysselsatta i arbete"	"2019M07"	2809.9	79.9
"totalt 15-74 år"	"sysselsatta i arbete"	"2019M08"	3599.5	79.4
"totalt 15-74 år"	"sysselsatta i arbete"	"2019M09"	4691.2	68.8
"totalt 15-74 år"	"sysselsatta i arbete"	"2019M10"	4717.9	66.8
"totalt 15-74 år"	"sysselsatta i arbete"	"2019M11"	4674.7	67.9
"totalt 15-74 år"	"sysselsatta i arbete"	"2019M12"	4232.3	72.7
"totalt 15-74 år"	"sysselsatta i arbete"	"2020M01"	4080.4	70.7
"totalt 15-74 år"	"sysselsatta i arbete"	"2020M02"	4606.8	63.9
"totalt 15-74 år"	"sysselsatta frånvarande hela veckan"	"2000M01"	..	..
"totalt 15-74 år"	"sysselsatta frånvarande hela veckan"	"2000M02"	..	..
"totalt 15-74 år"	"sysselsatta frånvarande hela veckan"	"2000M03"	..	..
"totalt 15-74 år"	"sysselsatta frånvarande hela veckan"	"2000M04"	..	..
"totalt 15-74 år"	"sysselsatta frånvarande hela veckan"	"2000M05"	..	..
"totalt 15-74 år"	"sysselsatta frånvarande hela veckan"	"2000M06"	..	..
"totalt 15-74 år"	"sysselsatta frånvarande hela veckan"	"2000M07"	..	..
"totalt 15-74 år"	"sysselsatta frånvarande hela veckan"	"2000M08"	..	..
"totalt 15-74 år"	"sysselsatta frånvarande hela veckan"	"2000M09"	..	..
"totalt 15-74 år"	"sysselsatta frånvarande hela veckan"	"2000M10"	..	..
"totalt 15-74 år"	"sysselsatta frånvarande hela veckan"	"2000M11"	..	..
"totalt 15-74 år"	"sysselsatta frånvarande hela veckan"	"2000M12"	..	..
"totalt 15-74 år"	"sysselsatta frånvarande hela veckan"	"2001M01"	596.2	..
"totalt 15-74 år"	"sysselsatta frånvarande hela veckan"	"2001M02"	471.2	..
"totalt 15-74 år"	"sysselsatta frånvarande hela veckan"	"2001M03"	475.7	..
"totalt 15-74 år"	"sysselsatta frånvarande hela veckan"	"2001M04"	519.8	..
"totalt 15-74 år"	"sysselsatta frånvarande hela veckan"	"2001M05"	418.4	..
"totalt 15-74 år"	"sysselsatta frånvarande hela veckan"	"2001M06"	670.9	..
"totalt 15-74 år"	"sysselsatta frånvarande hela veckan"	"2001M07"	2239.1	..
"totalt 15-74 år"	"sysselsatta frånvarande hela veckan"	"2001M08"	1244.1	..
"totalt 15-74 år"	"sysselsatta frånvarande hela veckan"	"2001M09"	468.8	..
"totalt 15-74 år"	"sysselsatta frånvarande hela veckan"	"2001M10"	429.4	..
"totalt 15-74 år"	"sysselsatta frånvarande hela veckan"	"2001M11"	420.1	..
"totalt 15-74 år"	"sysselsatta frånvarande hela veckan"	"2001M12"	802.1	..
"totalt 15-74 år"	"sysselsatta frånvarande hela veckan"	"2002M01"	708.0	..
"totalt 15-74 år"	"sysselsatta frånvarande hela veckan"	"2002M02"	481.9	..
"totalt 15-74 år"	"sysselsatta frånvarande hela veckan"	"2002M03"	500.1	..
"totalt 15-74 år"	"sysselsatta frånvarande hela veckan"	"2002M04"	455.4	..
"totalt 15-74 år"	"sysselsatta frånvarande hela veckan"	"2002M05"	473.7	..
"totalt 15-74 år"	"sysselsatta frånvarande hela veckan"	"2002M06"	687.1	..
"totalt 15-74 år"	"sysselsatta frånvarande hela veckan"	"2002M07"	2263.6	..
"totalt 15-74 år"	"sysselsatta frånvarande hela veckan"	"2002M08"	1293.0	..
"totalt 15-74 år"	"sysselsatta frånvarande hela veckan"	"2002M09"	491.3	..
"totalt 15-74 år"	"sysselsatta frånvarande hela veckan"	"2002M10"	455.5	..
"totalt 15-74 år"	"sysselsatta frånvarande hela veckan"	"2002M11"	460.3	..
"totalt 15-74 år"	"sysselsatta frånvarande hela veckan"	"2002M12"	795.2	..
"totalt 15-74 år"	"sysselsatta frånvarande hela veckan"	"2003M01"	809.9	..
"totalt 15-74 år"	"sysselsatta frånvarande hela veckan"	"2003M02"	466.5	..
"totalt 15-74 år"	"sysselsatta frånvarande hela veckan"	"2003M03"	469.6	..
"totalt 15-74 år"	"sysselsatta frånvarande hela veckan"	"2003M04"	528.8	..
"totalt 15-74 år"	"sysselsatta frånvarande hela veckan"	"2003M05"	471.9	..
"totalt 15-74 år"	"sysselsatta frånvarande hela veckan"	"2003M06"	684.0	..
"totalt 15-74 år"	"sysselsatta frånvarande hela veckan"	"2003M07"	2251.5	..
"totalt 15-74 år"	"sysselsatta frånvarande hela veckan"	"2003M08"	1404.8	..
"totalt 15-74 år"	"sysselsatta frånvarande hela veckan"	"2003M09"	465.2	..
"totalt 15-74 år"	"sysselsatta frånvarande hela veckan"	"2003M10"	422.6	..
"totalt 15-74 år"	"sysselsatta frånvarande hela veckan"	"2003M11"	421.1	..
"totalt 15-74 år"	"sysselsatta frånvarande hela veckan"	"2003M12"	676.1	..
"totalt 15-74 år"	"sysselsatta frånvarande hela veckan"	"2004M01"	885.2	..
"totalt 15-74 år"	"sysselsatta frånvarande hela veckan"	"2004M02"	448.0	..
"totalt 15-74 år"	"sysselsatta frånvarande hela veckan"	"2004M03"	446.7	..
"totalt 15-74 år"	"sysselsatta frånvarande hela veckan"	"2004M04"	519.6	..
"totalt 15-74 år"	"sysselsatta frånvarande hela veckan"	"2004M05"	399.1	..
"totalt 15-74 år"	"sysselsatta frånvarande hela veckan"	"2004M06"	608.8	..
"totalt 15-74 år"	"sysselsatta frånvarande hela veckan"	"2004M07"	2110.3	..
"totalt 15-74 år"	"sysselsatta frånvarande hela veckan"	"2004M08"	1588.1	..
"totalt 15-74 år"	"sysselsatta frånvarande hela veckan"	"2004M09"	474.0	..
"totalt 15-74 år"	"sysselsatta frånvarande hela veckan"	"2004M10"	430.3	..
"totalt 15-74 år"	"sysselsatta frånvarande hela veckan"	"2004M11"	412.5	..
"totalt 15-74 år"	"sysselsatta frånvarande hela veckan"	"2004M12"	661.6	..
"totalt 15-74 år"	"sysselsatta frånvarande hela veckan"	"2005M01"	589.0	..
"totalt 15-74 år"	"sysselsatta frånvarande hela veckan"	"2005M02"	452.9	..
"totalt 15-74 år"	"sysselsatta frånvarande hela veckan"	"2005M03"	526.0	..
"totalt 15-74 år"	"sysselsatta frånvarande hela veckan"	"2005M04"	371.9	25.7
"totalt 15-74 år"	"sysselsatta frånvarande hela veckan"	"2005M05"	396.7	26.0
"totalt 15-74 år"	"sysselsatta frånvarande hela veckan"	"2005M06"	670.6	32.4
"totalt 15-74 år"	"sysselsatta frånvarande hela veckan"	"2005M07"	2238.3	44.1
"totalt 15-74 år"	"sysselsatta frånvarande hela veckan"	"2005M08"	1305.9	39.9
"totalt 15-74 år"	"sysselsatta frånvarande hela veckan"	"2005M09"	444.1	26.3
"totalt 15-74 år"	"sysselsatta frånvarande hela veckan"	"2005M10"	382.5	23.6
"totalt 15-74 år"	"sysselsatta frånvarande hela veckan"	"2005M11"	406.8	24.8
"totalt 15-74 år"	"sysselsatta frånvarande hela veckan"	"2005M12"	670.5	32.7
"totalt 15-74 år"	"sysselsatta frånvarande hela veckan"	"2006M01"	550.2	26.4
"totalt 15-74 år"	"sysselsatta frånvarande hela veckan"	"2006M02"	436.2	24.0
"totalt 15-74 år"	"sysselsatta frånvarande hela veckan"	"2006M03"	457.6	24.9
"totalt 15-74 år"	"sysselsatta frånvarande hela veckan"	"2006M04"	476.1	24.9
"totalt 15-74 år"	"sysselsatta frånvarande hela veckan"	"2006M05"	395.4	23.3
"totalt 15-74 år"	"sysselsatta frånvarande hela veckan"	"2006M06"	654.5	28.1
"totalt 15-74 år"	"sysselsatta frånvarande hela veckan"	"2006M07"	2252.2	41.0
"totalt 15-74 år"	"sysselsatta frånvarande hela veckan"	"2006M08"	1336.0	36.9
"totalt 15-74 år"	"sysselsatta frånvarande hela veckan"	"2006M09"	429.0	24.5
"totalt 15-74 år"	"sysselsatta frånvarande hela veckan"	"2006M10"	399.4	24.6
"totalt 15-74 år"	"sysselsatta frånvarande hela veckan"	"2006M11"	404.9	23.0
"totalt 15-74 år"	"sysselsatta frånvarande hela veckan"	"2006M12"	693.4	29.5
"totalt 15-74 år"	"sysselsatta frånvarande hela veckan"	"2007M01"	566.4	26.2
"totalt 15-74 år"	"sysselsatta frånvarande hela veckan"	"2007M02"	449.4	24.5
"totalt 15-74 år"	"sysselsatta frånvarande hela veckan"	"2007M03"	450.2	28.2
"totalt 15-74 år"	"sysselsatta frånvarande hela veckan"	"2007M04"	462.6	24.7
"totalt 15-74 år"	"sysselsatta frånvarande hela veckan"	"2007M05"	395.1	23.3
"totalt 15-74 år"	"sysselsatta frånvarande hela veckan"	"2007M06"	596.2	27.1
"totalt 15-74 år"	"sysselsatta frånvarande hela veckan"	"2007M07"	2246.9	41.5
"totalt 15-74 år"	"sysselsatta frånvarande hela veckan"	"2007M08"	1441.3	38.5
"totalt 15-74 år"	"sysselsatta frånvarande hela veckan"	"2007M09"	407.1	24.1
"totalt 15-74 år"	"sysselsatta frånvarande hela veckan"	"2007M10"	350.3	21.9
"totalt 15-74 år"	"sysselsatta frånvarande hela veckan"	"2007M11"	393.9	22.9
"totalt 15-74 år"	"sysselsatta frånvarande hela veckan"	"2007M12"	757.6	31.7
"totalt 15-74 år"	"sysselsatta frånvarande hela veckan"	"2008M01"	672.2	29.8
"totalt 15-74 år"	"sysselsatta frånvarande hela veckan"	"2008M02"	418.7	23.4
"totalt 15-74 år"	"sysselsatta frånvarande hela veckan"	"2008M03"	506.5	26.8
"totalt 15-74 år"	"sysselsatta frånvarande hela veckan"	"2008M04"	354.2	22.7
"totalt 15-74 år"	"sysselsatta frånvarande hela veckan"	"2008M05"	396.7	23.0
"totalt 15-74 år"	"sysselsatta frånvarande hela veckan"	"2008M06"	588.9	27.9
"totalt 15-74 år"	"sysselsatta frånvarande hela veckan"	"2008M07"	2229.9	43.0
"totalt 15-74 år"	"sysselsatta frånvarande hela veckan"	"2008M08"	1564.4	39.8
"totalt 15-74 år"	"sysselsatta frånvarande hela veckan"	"2008M09"	431.5	24.8
"totalt 15-74 år"	"sysselsatta frånvarande hela veckan"	"2008M10"	348.8	22.0
"totalt 15-74 år"	"sysselsatta frånvarande hela veckan"	"2008M11"	382.9	23.2
"totalt 15-74 år"	"sysselsatta frånvarande hela veckan"	"2008M12"	697.8	30.3
"totalt 15-74 år"	"sysselsatta frånvarande hela veckan"	"2009M01"	784.7	31.6
"totalt 15-74 år"	"sysselsatta frånvarande hela veckan"	"2009M02"	451.2	24.8
"totalt 15-74 år"	"sysselsatta frånvarande hela veckan"	"2009M03"	396.2	23.7
"totalt 15-74 år"	"sysselsatta frånvarande hela veckan"	"2009M04"	430.2	24.5
"totalt 15-74 år"	"sysselsatta frånvarande hela veckan"	"2009M05"	367.0	22.8
"totalt 15-74 år"	"sysselsatta frånvarande hela veckan"	"2009M06"	790.3	32.1
"totalt 15-74 år"	"sysselsatta frånvarande hela veckan"	"2009M07"	2409.0	42.9
"totalt 15-74 år"	"sysselsatta frånvarande hela veckan"	"2009M08"	1016.8	35.5
"totalt 15-74 år"	"sysselsatta frånvarande hela veckan"	"2009M09"	413.2	24.6
"totalt 15-74 år"	"sysselsatta frånvarande hela veckan"	"2009M10"	393.7	24.0
"totalt 15-74 år"	"sysselsatta frånvarande hela veckan"	"2009M11"	341.9	22.6
"totalt 15-74 år"	"sysselsatta frånvarande hela veckan"	"2009M12"	852.1	33.7
"totalt 15-74 år"	"sysselsatta frånvarande hela veckan"	"2010M01"	506.2	24.8
"totalt 15-74 år"	"sysselsatta frånvarande hela veckan"	"2010M02"	416.3	22.7
"totalt 15-74 år"	"sysselsatta frånvarande hela veckan"	"2010M03"	466.3	23.8
"totalt 15-74 år"	"sysselsatta frånvarande hela veckan"	"2010M04"	408.7	21.6
"totalt 15-74 år"	"sysselsatta frånvarande hela veckan"	"2010M05"	363.9	21.0
"totalt 15-74 år"	"sysselsatta frånvarande hela veckan"	"2010M06"	688.3	28.0
"totalt 15-74 år"	"sysselsatta frånvarande hela veckan"	"2010M07"	2320.3	39.7
"totalt 15-74 år"	"sysselsatta frånvarande hela veckan"	"2010M08"	1239.5	34.5
"totalt 15-74 år"	"sysselsatta frånvarande hela veckan"	"2010M09"	386.3	21.9
"totalt 15-74 år"	"sysselsatta frånvarande hela veckan"	"2010M10"	345.6	20.8
"totalt 15-74 år"	"sysselsatta frånvarande hela veckan"	"2010M11"	385.9	21.8
"totalt 15-74 år"	"sysselsatta frånvarande hela veckan"	"2010M12"	685.1	28.4
"totalt 15-74 år"	"sysselsatta frånvarande hela veckan"	"2011M01"	556.3	25.6
"totalt 15-74 år"	"sysselsatta frånvarande hela veckan"	"2011M02"	426.0	22.9
"totalt 15-74 år"	"sysselsatta frånvarande hela veckan"	"2011M03"	415.9	22.5
"totalt 15-74 år"	"sysselsatta frånvarande hela veckan"	"2011M04"	444.2	23.4
"totalt 15-74 år"	"sysselsatta frånvarande hela veckan"	"2011M05"	332.5	20.8
"totalt 15-74 år"	"sysselsatta frånvarande hela veckan"	"2011M06"	670.8	28.3
"totalt 15-74 år"	"sysselsatta frånvarande hela veckan"	"2011M07"	2352.0	40.3
"totalt 15-74 år"	"sysselsatta frånvarande hela veckan"	"2011M08"	1283.1	36.0
"totalt 15-74 år"	"sysselsatta frånvarande hela veckan"	"2011M09"	392.5	21.8
"totalt 15-74 år"	"sysselsatta frånvarande hela veckan"	"2011M10"	358.9	21.4
"totalt 15-74 år"	"sysselsatta frånvarande hela veckan"	"2011M11"	377.2	22.3
"totalt 15-74 år"	"sysselsatta frånvarande hela veckan"	"2011M12"	664.4	28.4
"totalt 15-74 år"	"sysselsatta frånvarande hela veckan"	"2012M01"	560.7	26.6
"totalt 15-74 år"	"sysselsatta frånvarande hela veckan"	"2012M02"	429.1	23.4
"totalt 15-74 år"	"sysselsatta frånvarande hela veckan"	"2012M03"	439.3	23.4
"totalt 15-74 år"	"sysselsatta frånvarande hela veckan"	"2012M04"	463.7	24.3
"totalt 15-74 år"	"sysselsatta frånvarande hela veckan"	"2012M05"	366.9	21.6
"totalt 15-74 år"	"sysselsatta frånvarande hela veckan"	"2012M06"	633.5	27.9
"totalt 15-74 år"	"sysselsatta frånvarande hela veckan"	"2012M07"	2309.3	41.3
"totalt 15-74 år"	"sysselsatta frånvarande hela veckan"	"2012M08"	1365.0	37.0
"totalt 15-74 år"	"sysselsatta frånvarande hela veckan"	"2012M09"	428.1	23.2
"totalt 15-74 år"	"sysselsatta frånvarande hela veckan"	"2012M10"	387.9	22.5
"totalt 15-74 år"	"sysselsatta frånvarande hela veckan"	"2012M11"	390.9	22.4
"totalt 15-74 år"	"sysselsatta frånvarande hela veckan"	"2012M12"	804.4	30.9
"totalt 15-74 år"	"sysselsatta frånvarande hela veckan"	"2013M01"	747.5	30.3
"totalt 15-74 år"	"sysselsatta frånvarande hela veckan"	"2013M02"	465.8	24.4
"totalt 15-74 år"	"sysselsatta frånvarande hela veckan"	"2013M03"	466.7	24.5
"totalt 15-74 år"	"sysselsatta frånvarande hela veckan"	"2013M04"	453.5	24.8
"totalt 15-74 år"	"sysselsatta frånvarande hela veckan"	"2013M05"	382.7	22.8
"totalt 15-74 år"	"sysselsatta frånvarande hela veckan"	"2013M06"	642.4	28.9
"totalt 15-74 år"	"sysselsatta frånvarande hela veckan"	"2013M07"	2299.2	42.2
"totalt 15-74 år"	"sysselsatta frånvarande hela veckan"	"2013M08"	1457.6	38.3
"totalt 15-74 år"	"sysselsatta frånvarande hela veckan"	"2013M09"	425.5	23.6
"totalt 15-74 år"	"sysselsatta frånvarande hela veckan"	"2013M10"	397.5	23.3
"totalt 15-74 år"	"sysselsatta frånvarande hela veckan"	"2013M11"	419.5	24.0
"totalt 15-74 år"	"sysselsatta frånvarande hela veckan"	"2013M12"	780.6	31.0
"totalt 15-74 år"	"sysselsatta frånvarande hela veckan"	"2014M01"	874.9	33.3
"totalt 15-74 år"	"sysselsatta frånvarande hela veckan"	"2014M02"	457.1	25.0
"totalt 15-74 år"	"sysselsatta frånvarande hela veckan"	"2014M03"	429.9	24.0
"totalt 15-74 år"	"sysselsatta frånvarande hela veckan"	"2014M04"	454.6	25.3
"totalt 15-74 år"	"sysselsatta frånvarande hela veckan"	"2014M05"	374.7	23.2
"totalt 15-74 år"	"sysselsatta frånvarande hela veckan"	"2014M06"	624.2	28.8
"totalt 15-74 år"	"sysselsatta frånvarande hela veckan"	"2014M07"	2256.8	44.0
"totalt 15-74 år"	"sysselsatta frånvarande hela veckan"	"2014M08"	1486.1	39.9
"totalt 15-74 år"	"sysselsatta frånvarande hela veckan"	"2014M09"	432.1	24.7
"totalt 15-74 år"	"sysselsatta frånvarande hela veckan"	"2014M10"	369.9	22.7
"totalt 15-74 år"	"sysselsatta frånvarande hela veckan"	"2014M11"	389.8	23.8
"totalt 15-74 år"	"sysselsatta frånvarande hela veckan"	"2014M12"	724.9	31.3
"totalt 15-74 år"	"sysselsatta frånvarande hela veckan"	"2015M01"	929.5	34.8
"totalt 15-74 år"	"sysselsatta frånvarande hela veckan"	"2015M02"	448.6	25.8
"totalt 15-74 år"	"sysselsatta frånvarande hela veckan"	"2015M03"	452.3	25.6
"totalt 15-74 år"	"sysselsatta frånvarande hela veckan"	"2015M04"	487.2	26.7
"totalt 15-74 år"	"sysselsatta frånvarande hela veckan"	"2015M05"	371.9	23.9
"totalt 15-74 år"	"sysselsatta frånvarande hela veckan"	"2015M06"	623.7	30.1
"totalt 15-74 år"	"sysselsatta frånvarande hela veckan"	"2015M07"	2301.4	44.9
"totalt 15-74 år"	"sysselsatta frånvarande hela veckan"	"2015M08"	1619.4	42.9
"totalt 15-74 år"	"sysselsatta frånvarande hela veckan"	"2015M09"	454.0	25.9
"totalt 15-74 år"	"sysselsatta frånvarande hela veckan"	"2015M10"	467.2	25.9
"totalt 15-74 år"	"sysselsatta frånvarande hela veckan"	"2015M11"	391.1	24.8
"totalt 15-74 år"	"sysselsatta frånvarande hela veckan"	"2015M12"	940.8	35.9
"totalt 15-74 år"	"sysselsatta frånvarande hela veckan"	"2016M01"	604.9	30.0
"totalt 15-74 år"	"sysselsatta frånvarande hela veckan"	"2016M02"	484.5	27.5
"totalt 15-74 år"	"sysselsatta frånvarande hela veckan"	"2016M03"	531.5	28.9
"totalt 15-74 år"	"sysselsatta frånvarande hela veckan"	"2016M04"	392.3	24.7
"totalt 15-74 år"	"sysselsatta frånvarande hela veckan"	"2016M05"	385.1	24.8
"totalt 15-74 år"	"sysselsatta frånvarande hela veckan"	"2016M06"	712.8	32.9
"totalt 15-74 år"	"sysselsatta frånvarande hela veckan"	"2016M07"	2426.6	46.6
"totalt 15-74 år"	"sysselsatta frånvarande hela veckan"	"2016M08"	1427.5	42.5
"totalt 15-74 år"	"sysselsatta frånvarande hela veckan"	"2016M09"	440.5	26.3
"totalt 15-74 år"	"sysselsatta frånvarande hela veckan"	"2016M10"	424.0	25.9
"totalt 15-74 år"	"sysselsatta frånvarande hela veckan"	"2016M11"	450.0	26.3
"totalt 15-74 år"	"sysselsatta frånvarande hela veckan"	"2016M12"	768.4	33.6
"totalt 15-74 år"	"sysselsatta frånvarande hela veckan"	"2017M01"	666.3	31.7
"totalt 15-74 år"	"sysselsatta frånvarande hela veckan"	"2017M02"	496.3	27.9
"totalt 15-74 år"	"sysselsatta frånvarande hela veckan"	"2017M03"	479.6	27.4
"totalt 15-74 år"	"sysselsatta frånvarande hela veckan"	"2017M04"	535.8	28.8
"totalt 15-74 år"	"sysselsatta frånvarande hela veckan"	"2017M05"	431.4	26.4
"totalt 15-74 år"	"sysselsatta frånvarande hela veckan"	"2017M06"	667.2	31.7
"totalt 15-74 år"	"sysselsatta frånvarande hela veckan"	"2017M07"	2451.9	47.8
"totalt 15-74 år"	"sysselsatta frånvarande hela veckan"	"2017M08"	1474.4	43.4
"totalt 15-74 år"	"sysselsatta frånvarande hela veckan"	"2017M09"	459.3	27.3
"totalt 15-74 år"	"sysselsatta frånvarande hela veckan"	"2017M10"	413.4	25.8
"totalt 15-74 år"	"sysselsatta frånvarande hela veckan"	"2017M11"	438.1	26.7
"totalt 15-74 år"	"sysselsatta frånvarande hela veckan"	"2017M12"	794.5	34.8
"totalt 15-74 år"	"sysselsatta frånvarande hela veckan"	"2018M01"	720.3	34.2
"totalt 15-74 år"	"sysselsatta frånvarande hela veckan"	"2018M02"	502.3	28.9
"totalt 15-74 år"	"sysselsatta frånvarande hela veckan"	"2018M03"	519.2	29.6
"totalt 15-74 år"	"sysselsatta frånvarande hela veckan"	"2018M04"	438.4	27.6
"totalt 15-74 år"	"sysselsatta frånvarande hela veckan"	"2018M05"	394.1	26.1
"totalt 15-74 år"	"sysselsatta frånvarande hela veckan"	"2018M06"	700.4	34.5
"totalt 15-74 år"	"sysselsatta frånvarande hela veckan"	"2018M07"	2477.3	70.4
"totalt 15-74 år"	"sysselsatta frånvarande hela veckan"	"2018M08"	1496.7	63.5
"totalt 15-74 år"	"sysselsatta frånvarande hela veckan"	"2018M09"	432.2	38.8
"totalt 15-74 år"	"sysselsatta frånvarande hela veckan"	"2018M10"	401.6	36.8
"totalt 15-74 år"	"sysselsatta frånvarande hela veckan"	"2018M11"	450.8	38.9
"totalt 15-74 år"	"sysselsatta frånvarande hela veckan"	"2018M12"	892.3	52.3
"totalt 15-74 år"	"sysselsatta frånvarande hela veckan"	"2019M01"	853.8	52.4
"totalt 15-74 år"	"sysselsatta frånvarande hela veckan"	"2019M02"	517.7	41.8
"totalt 15-74 år"	"sysselsatta frånvarande hela veckan"	"2019M03"	470.1	40.0
"totalt 15-74 år"	"sysselsatta frånvarande hela veckan"	"2019M04"	491.9	40.9
"totalt 15-74 år"	"sysselsatta frånvarande hela veckan"	"2019M05"	373.5	36.3
"totalt 15-74 år"	"sysselsatta frånvarande hela veckan"	"2019M06"	702.7	49.5
"totalt 15-74 år"	"sysselsatta frånvarande hela veckan"	"2019M07"	2459.4	71.3
"totalt 15-74 år"	"sysselsatta frånvarande hela veckan"	"2019M08"	1566.9	66.4
"totalt 15-74 år"	"sysselsatta frånvarande hela veckan"	"2019M09"	476.9	42.4
"totalt 15-74 år"	"sysselsatta frånvarande hela veckan"	"2019M10"	420.4	40.0
"totalt 15-74 år"	"sysselsatta frånvarande hela veckan"	"2019M11"	465.0	41.7
"totalt 15-74 år"	"sysselsatta frånvarande hela veckan"	"2019M12"	883.0	54.5
"totalt 15-74 år"	"sysselsatta frånvarande hela veckan"	"2020M01"	953.8	55.7
"totalt 15-74 år"	"sysselsatta frånvarande hela veckan"	"2020M02"	470.0	40.0
